turbine,datetime,lead_day,power_pred
1,2026-02-01 00:00:00,1,0.0169011436943747
1,2026-02-01 01:00:00,1,0.01585514180369
1,2026-02-01 02:00:00,1,0.021670174243248
1,2026-02-01 03:00:00,1,0.0215425384058524
1,2026-02-01 04:00:00,1,0.0217465208223317
1,2026-02-01 05:00:00,1,0.029203440476058
1,2026-02-01 06:00:00,1,0.0444316349319695
1,2026-02-01 07:00:00,1,0.0494276871195596
1,2026-02-01 08:00:00,1,0.0857118400113536
1,2026-02-01 09:00:00,1,0.1824649484504658
1,2026-02-01 10:00:00,1,0.2017142154327699
1,2026-02-01 11:00:00,1,0.1719774102249192
1,2026-02-01 12:00:00,1,0.2161482219733411
1,2026-02-01 13:00:00,1,0.21533359853475
1,2026-02-01 14:00:00,1,0.2037483104623629
1,2026-02-01 15:00:00,1,0.2173445723692604
1,2026-02-01 16:00:00,1,0.2362706110969206
1,2026-02-01 17:00:00,1,0.2008564508434892
1,2026-02-01 18:00:00,1,0.1804192749126036
1,2026-02-01 19:00:00,1,0.1998076447933467
1,2026-02-01 20:00:00,1,0.2002049835324786
1,2026-02-01 21:00:00,1,0.2330685771499732
1,2026-02-01 22:00:00,1,0.2302759972101692
1,2026-02-01 23:00:00,1,0.2070364961609774
1,2026-02-02 00:00:00,1,0.197155860550918
1,2026-02-02 01:00:00,1,0.2012952429860849
1,2026-02-02 02:00:00,1,0.227898052237402
1,2026-02-02 03:00:00,1,0.2899646434184933
1,2026-02-02 04:00:00,1,0.5142532440021851
1,2026-02-02 05:00:00,1,0.484907081385132
1,2026-02-02 06:00:00,1,0.4785935240748115
1,2026-02-02 07:00:00,1,0.4631010871346094
1,2026-02-02 08:00:00,1,0.6130234080444498
1,2026-02-02 09:00:00,1,0.5640119960329739
1,2026-02-02 10:00:00,1,0.6366754491521318
1,2026-02-02 11:00:00,1,0.8062438863053284
1,2026-02-02 12:00:00,1,0.8650279627795785
1,2026-02-02 13:00:00,1,0.9448026121064892
1,2026-02-02 14:00:00,1,0.937373789647894
1,2026-02-02 15:00:00,1,0.916059660229604
1,2026-02-02 16:00:00,1,0.8561962075772203
1,2026-02-02 17:00:00,1,0.6544512213839884
1,2026-02-02 18:00:00,1,0.4391361655982123
1,2026-02-02 19:00:00,1,0.2546009282315672
1,2026-02-02 20:00:00,1,0.1527697427699138
1,2026-02-02 21:00:00,1,0.1128145492931674
1,2026-02-02 22:00:00,1,0.1100898273535267
1,2026-02-02 23:00:00,1,0.1559183065103539
1,2026-02-03 00:00:00,1,0.1793872752102178
1,2026-02-03 01:00:00,1,0.3446089830468923
1,2026-02-03 02:00:00,1,0.4490099697008777
1,2026-02-03 03:00:00,1,0.4304701228750334
1,2026-02-03 04:00:00,1,0.5085705209107264
1,2026-02-03 05:00:00,1,0.3315862137625093
1,2026-02-03 06:00:00,1,0.3333962170167957
1,2026-02-03 07:00:00,1,0.2580099063443209
1,2026-02-03 08:00:00,1,0.139652416604338
1,2026-02-03 09:00:00,1,0.0910128362105069
1,2026-02-03 10:00:00,1,0.063369018835049
1,2026-02-03 11:00:00,1,0.0713201819248492
1,2026-02-03 12:00:00,1,0.078312435191024
1,2026-02-03 13:00:00,1,0.0538395402055473
1,2026-02-03 14:00:00,1,0.0555022598742017
1,2026-02-03 15:00:00,1,0.1087103373535411
1,2026-02-03 16:00:00,1,0.1425429304422188
1,2026-02-03 17:00:00,1,0.1766160945757511
1,2026-02-03 18:00:00,1,0.2611596917892234
1,2026-02-03 19:00:00,1,0.3462039739857802
1,2026-02-03 20:00:00,1,0.4119621495485273
1,2026-02-03 21:00:00,1,0.4054080284397207
1,2026-02-03 22:00:00,1,0.4107998079030384
1,2026-02-03 23:00:00,1,0.3637913889660187
1,2026-02-04 00:00:00,1,0.3299279786143293
1,2026-02-04 01:00:00,1,0.3507545017059036
1,2026-02-04 02:00:00,1,0.3403211163482683
1,2026-02-04 03:00:00,1,0.3998072460754969
1,2026-02-04 04:00:00,1,0.3887243810638929
1,2026-02-04 05:00:00,1,0.5584634449306612
1,2026-02-04 06:00:00,1,0.5095910568287118
1,2026-02-04 07:00:00,1,0.4021453708499907
1,2026-02-04 08:00:00,1,0.386352058655612
1,2026-02-04 09:00:00,1,0.3709194463823382
1,2026-02-04 10:00:00,1,0.3090364744678933
1,2026-02-04 11:00:00,1,0.2788799846296452
1,2026-02-04 12:00:00,1,0.2289270886893431
1,2026-02-04 13:00:00,1,0.2024558234717006
1,2026-02-04 14:00:00,1,0.1703396864184171
1,2026-02-04 15:00:00,1,0.1326772949510261
1,2026-02-04 16:00:00,1,0.1228151470606013
1,2026-02-04 17:00:00,1,0.1018586947807803
1,2026-02-04 18:00:00,1,0.0681964114976235
1,2026-02-04 19:00:00,1,0.2507177822952133
1,2026-02-04 20:00:00,1,0.4378232767274516
1,2026-02-04 21:00:00,1,0.6147009100173646
1,2026-02-04 22:00:00,1,0.7428062489988007
1,2026-02-04 23:00:00,1,0.8094611079706586
1,2026-02-05 00:00:00,1,0.8398224865373753
1,2026-02-05 01:00:00,1,0.9564413516470208
1,2026-02-05 02:00:00,1,0.976485574137325
1,2026-02-05 03:00:00,1,0.9853389506188212
1,2026-02-05 04:00:00,1,0.9867242213163272
1,2026-02-05 05:00:00,1,0.9822777291474988
1,2026-02-05 06:00:00,1,0.9840476743793908
1,2026-02-05 07:00:00,1,0.9858157064330012
1,2026-02-05 08:00:00,1,0.9869686284866728
1,2026-02-05 09:00:00,1,0.9881679351676452
1,2026-02-05 10:00:00,1,0.9883867401633352
1,2026-02-05 11:00:00,1,0.9883715882234118
1,2026-02-05 12:00:00,1,0.9856417049748376
1,2026-02-05 13:00:00,1,0.9761450562862156
1,2026-02-05 14:00:00,1,0.9791531837219593
1,2026-02-05 15:00:00,1,0.97468664772668
1,2026-02-05 16:00:00,1,0.9735060168178395
1,2026-02-05 17:00:00,1,0.991141199004109
1,2026-02-05 18:00:00,1,0.9937309274828529
1,2026-02-05 19:00:00,1,0.9829389015378714
1,2026-02-05 20:00:00,1,0.9305435159174656
1,2026-02-05 21:00:00,1,0.9169540151904514
1,2026-02-05 22:00:00,1,0.8779571619849822
1,2026-02-05 23:00:00,1,0.8455817022733634
1,2026-02-06 00:00:00,1,0.5375430621819465
1,2026-02-06 01:00:00,1,0.5138088615134196
1,2026-02-06 02:00:00,1,0.3485989931503133
1,2026-02-06 03:00:00,1,0.3647195594865448
1,2026-02-06 04:00:00,1,0.2778563339209883
1,2026-02-06 05:00:00,1,0.2052074165036376
1,2026-02-06 06:00:00,1,0.0983970993620192
1,2026-02-06 07:00:00,1,0.0917296364118713
1,2026-02-06 08:00:00,1,0.0821417017154083
1,2026-02-06 09:00:00,1,0.1006157715488541
1,2026-02-06 10:00:00,1,0.1261840415134807
1,2026-02-06 11:00:00,1,0.3053671524295738
1,2026-02-06 12:00:00,1,0.4970729972612687
1,2026-02-06 13:00:00,1,0.8117034141311391
1,2026-02-06 14:00:00,1,0.9638878932720532
1,2026-02-06 15:00:00,1,0.9841513313749088
1,2026-02-06 16:00:00,1,0.988185815411416
1,2026-02-06 17:00:00,1,0.9883561913335668
1,2026-02-06 18:00:00,1,0.9882921464187628
1,2026-02-06 19:00:00,1,0.9882883682884916
1,2026-02-06 20:00:00,1,0.9722528497362488
1,2026-02-06 21:00:00,1,0.9555700979530368
1,2026-02-06 22:00:00,1,0.975085497411106
1,2026-02-06 23:00:00,1,0.900358318649338
1,2026-02-07 00:00:00,1,0.5954071530543984
1,2026-02-07 01:00:00,1,0.6028106625124142
1,2026-02-07 02:00:00,1,0.5043526930978607
1,2026-02-07 03:00:00,1,0.4709025040729768
1,2026-02-07 04:00:00,1,0.3191534398817804
1,2026-02-07 05:00:00,1,0.1248292024703747
1,2026-02-07 06:00:00,1,0.0629931745269204
1,2026-02-07 07:00:00,1,0.0124695456917264
1,2026-02-07 08:00:00,1,0.0183036886356571
1,2026-02-07 09:00:00,1,0.0189465812735111
1,2026-02-07 10:00:00,1,0.1016051057469648
1,2026-02-07 11:00:00,1,0.2020125885315561
1,2026-02-07 12:00:00,1,0.2798347304261307
1,2026-02-07 13:00:00,1,0.2966416583214604
1,2026-02-07 14:00:00,1,0.1630835583452905
1,2026-02-07 15:00:00,1,0.0992917792908024
1,2026-02-07 16:00:00,1,0.0623171810716337
1,2026-02-07 17:00:00,1,0.0517201479305917
1,2026-02-07 18:00:00,1,0.1090215881620838
1,2026-02-07 19:00:00,1,0.3096761649925746
1,2026-02-07 20:00:00,1,0.5423872741570265
1,2026-02-07 21:00:00,1,0.7182251272571096
1,2026-02-07 22:00:00,1,0.8581092813307745
1,2026-02-07 23:00:00,1,0.9294639354652234
1,2026-02-08 00:00:00,1,0.9213147815786538
1,2026-02-08 01:00:00,1,0.9183539092041094
1,2026-02-08 02:00:00,1,0.8765512250291279
1,2026-02-08 03:00:00,1,0.9203916003498532
1,2026-02-08 04:00:00,1,0.8676278896142264
1,2026-02-08 05:00:00,1,0.7814142038704522
1,2026-02-08 06:00:00,1,0.5621986048579372
1,2026-02-08 07:00:00,1,0.3844898161880122
1,2026-02-08 08:00:00,1,0.2498529935251994
1,2026-02-08 09:00:00,1,0.153961442038285
1,2026-02-08 10:00:00,1,0.1007734785719138
1,2026-02-08 11:00:00,1,0.0338538320333276
1,2026-02-08 12:00:00,1,0.0205683218843373
1,2026-02-08 13:00:00,1,0.0223070848175308
1,2026-02-08 14:00:00,1,0.1798907597652078
1,2026-02-08 15:00:00,1,0.5618252789034861
1,2026-02-08 16:00:00,1,0.7955414119702015
1,2026-02-08 17:00:00,1,0.9659868058949116
1,2026-02-08 18:00:00,1,0.9885876769076324
1,2026-02-08 19:00:00,1,0.9880732705659244
1,2026-02-08 20:00:00,1,0.9867695420880654
1,2026-02-08 21:00:00,1,0.9882719571681718
1,2026-02-08 22:00:00,1,0.988216987922528
1,2026-02-08 23:00:00,1,0.9882941780774054
1,2026-02-09 00:00:00,1,0.954694937292245
1,2026-02-09 01:00:00,1,0.9776697973937274
1,2026-02-09 02:00:00,1,0.985745718799459
1,2026-02-09 03:00:00,1,0.9882944483587112
1,2026-02-09 04:00:00,1,0.9882944483587112
1,2026-02-09 05:00:00,1,0.988294769673048
1,2026-02-09 06:00:00,1,0.9882213445726784
1,2026-02-09 07:00:00,1,0.9881569005694436
1,2026-02-09 08:00:00,1,0.988281961846602
1,2026-02-09 09:00:00,1,0.9864739078728936
1,2026-02-09 10:00:00,1,0.9853646250537592
1,2026-02-09 11:00:00,1,0.98590557500352
1,2026-02-09 12:00:00,1,0.9851249605072562
1,2026-02-09 13:00:00,1,0.9869097837333886
1,2026-02-09 14:00:00,1,0.9869169355699048
1,2026-02-09 15:00:00,1,0.9846279005643984
1,2026-02-09 16:00:00,1,0.9496249413203632
1,2026-02-09 17:00:00,1,0.8104816079019959
1,2026-02-09 18:00:00,1,0.7300428715301897
1,2026-02-09 19:00:00,1,0.5493879334120744
1,2026-02-09 20:00:00,1,0.4882745648525898
1,2026-02-09 21:00:00,1,0.388445391678182
1,2026-02-09 22:00:00,1,0.2563058695252205
1,2026-02-09 23:00:00,1,0.1846705332827076
1,2026-02-10 00:00:00,1,0.0963474812238602
1,2026-02-10 01:00:00,1,0.0933989216197833
1,2026-02-10 02:00:00,1,0.1497798755914491
1,2026-02-10 03:00:00,1,0.1578075588547168
1,2026-02-10 04:00:00,1,0.158470986068811
1,2026-02-10 05:00:00,1,0.1257582317743682
1,2026-02-10 06:00:00,1,0.0843762924493518
1,2026-02-10 07:00:00,1,0.1739545390147284
1,2026-02-10 08:00:00,1,0.2072409411321114
1,2026-02-10 09:00:00,1,0.2670122755088192
1,2026-02-10 10:00:00,1,0.3457198369696423
1,2026-02-10 11:00:00,1,0.2000561162276071
1,2026-02-10 12:00:00,1,0.2223177496863076
1,2026-02-10 13:00:00,1,0.206148033360919
1,2026-02-10 14:00:00,1,0.1491187466524114
1,2026-02-10 15:00:00,1,0.1344285977143487
1,2026-02-10 16:00:00,1,0.127048241393244
1,2026-02-10 17:00:00,1,0.1362997151250566
1,2026-02-10 18:00:00,1,0.1945180613542888
1,2026-02-10 19:00:00,1,0.3421304035685912
1,2026-02-10 20:00:00,1,0.5315925418198437
1,2026-02-10 21:00:00,1,0.8406403255610693
1,2026-02-10 22:00:00,1,0.9422109898385974
1,2026-02-10 23:00:00,1,0.9415484802425064
1,2026-02-11 00:00:00,1,0.9016870903126448
1,2026-02-11 01:00:00,1,0.923767449236814
1,2026-02-11 02:00:00,1,0.8212894147099906
1,2026-02-11 03:00:00,1,0.883482191810154
1,2026-02-11 04:00:00,1,0.7636140333292614
1,2026-02-11 05:00:00,1,0.5592653700550817
1,2026-02-11 06:00:00,1,0.2116502660902157
1,2026-02-11 07:00:00,1,0.1141905980343701
1,2026-02-11 08:00:00,1,0.1026979276748248
1,2026-02-11 09:00:00,1,0.0834537992382217
1,2026-02-11 10:00:00,1,0.1153252646949926
1,2026-02-11 11:00:00,1,0.2071091042995409
1,2026-02-11 12:00:00,1,0.2659499633341597
1,2026-02-11 13:00:00,1,0.1689440772705148
1,2026-02-11 14:00:00,1,0.256260145659017
1,2026-02-11 15:00:00,1,0.3894172327159784
1,2026-02-11 16:00:00,1,0.6960964184848308
1,2026-02-11 17:00:00,1,0.9151712453343304
1,2026-02-11 18:00:00,1,0.9722644627171284
1,2026-02-11 19:00:00,1,0.9449575284861096
1,2026-02-11 20:00:00,1,0.9254362857142828
1,2026-02-11 21:00:00,1,0.9325728947354872
1,2026-02-11 22:00:00,1,0.9192207347554018
1,2026-02-11 23:00:00,1,0.694753538908717
1,2026-02-12 00:00:00,1,0.4556813990087509
1,2026-02-12 01:00:00,1,0.4926732754965836
1,2026-02-12 02:00:00,1,0.465969452204223
1,2026-02-12 03:00:00,1,0.4656200072392452
1,2026-02-12 04:00:00,1,0.3615747483753563
1,2026-02-12 05:00:00,1,0.1836826604541721
1,2026-02-12 06:00:00,1,0.1056634188113073
1,2026-02-12 07:00:00,1,0.0699519204802344
1,2026-02-12 08:00:00,1,0.0339270897296072
1,2026-02-12 09:00:00,1,0.0126395860769791
1,2026-02-12 10:00:00,1,0.0103632850126799
1,2026-02-12 11:00:00,1,0.0213897598480651
1,2026-02-12 12:00:00,1,0.0561947774485058
1,2026-02-12 13:00:00,1,0.0818180428991907
1,2026-02-12 14:00:00,1,0.0869409211236414
1,2026-02-12 15:00:00,1,0.0714545462153556
1,2026-02-12 16:00:00,1,0.1168707658361369
1,2026-02-12 17:00:00,1,0.1790544904434953
1,2026-02-12 18:00:00,1,0.1699043581674201
1,2026-02-12 19:00:00,1,0.1695209713990396
1,2026-02-12 20:00:00,1,0.1500108131481776
1,2026-02-12 21:00:00,1,0.1273931189326429
1,2026-02-12 22:00:00,1,0.0969629520977588
1,2026-02-12 23:00:00,1,0.0373948226287399
1,2026-02-13 00:00:00,1,0.013308972459196
1,2026-02-13 01:00:00,1,0.01068415862341
1,2026-02-13 02:00:00,1,0.0103031058626803
1,2026-02-13 03:00:00,1,0.01059325966465
1,2026-02-13 04:00:00,1,0.0112248393033201
1,2026-02-13 05:00:00,1,0.0114936357616314
1,2026-02-13 06:00:00,1,0.0110699855299917
1,2026-02-13 07:00:00,1,0.0107255855284211
1,2026-02-13 08:00:00,1,0.0109155276562654
1,2026-02-13 09:00:00,1,0.0111677410337407
1,2026-02-13 10:00:00,1,0.0108228857869528
1,2026-02-13 11:00:00,1,0.0104721691484364
1,2026-02-13 12:00:00,1,0.0100715801069792
1,2026-02-13 13:00:00,1,0.0104992555592525
1,2026-02-13 14:00:00,1,0.0158518287978142
1,2026-02-13 15:00:00,1,0.0183835851671196
1,2026-02-13 16:00:00,1,0.0200818686955265
1,2026-02-13 17:00:00,1,0.0289501014333475
1,2026-02-13 18:00:00,1,0.0554442108267918
1,2026-02-13 19:00:00,1,0.120120330789477
1,2026-02-13 20:00:00,1,0.2317305782160381
1,2026-02-13 21:00:00,1,0.3834123475116394
1,2026-02-13 22:00:00,1,0.5476683809615108
1,2026-02-13 23:00:00,1,0.6350243697871454
1,2026-02-14 00:00:00,1,0.7094161365634811
1,2026-02-14 01:00:00,1,0.7595617907386434
1,2026-02-14 02:00:00,1,0.8604959586154685
1,2026-02-14 03:00:00,1,0.8794368226036399
1,2026-02-14 04:00:00,1,0.8054190232088654
1,2026-02-14 05:00:00,1,0.5200674372529085
1,2026-02-14 06:00:00,1,0.458792706014045
1,2026-02-14 07:00:00,1,0.3237200997742325
1,2026-02-14 08:00:00,1,0.2728420985943799
1,2026-02-14 09:00:00,1,0.1290215656892131
1,2026-02-14 10:00:00,1,0.0661240121004616
1,2026-02-14 11:00:00,1,0.087186321477521
1,2026-02-14 12:00:00,1,0.0609789868430258
1,2026-02-14 13:00:00,1,0.0284032963822341
1,2026-02-14 14:00:00,1,0.0345568134498614
1,2026-02-14 15:00:00,1,0.0361725476143432
1,2026-02-14 16:00:00,1,0.025278902098222
1,2026-02-14 17:00:00,1,0.026851130709269
1,2026-02-14 18:00:00,1,0.0290347640231161
1,2026-02-14 19:00:00,1,0.0247440311119421
1,2026-02-14 20:00:00,1,0.0385068616254394
1,2026-02-14 21:00:00,1,0.0261231737861673
1,2026-02-14 22:00:00,1,0.0186842241161202
1,2026-02-14 23:00:00,1,0.0153388335327869
1,2026-02-15 00:00:00,1,0.0119846613746156
1,2026-02-15 01:00:00,1,0.0106135434684582
1,2026-02-15 02:00:00,1,0.0145412724484437
1,2026-02-15 03:00:00,1,0.0201465611778803
1,2026-02-15 04:00:00,1,0.0338474553584272
1,2026-02-15 05:00:00,1,0.0492080728817009
1,2026-02-15 06:00:00,1,0.1774430208036773
1,2026-02-15 07:00:00,1,0.2563589985646026
1,2026-02-15 08:00:00,1,0.3277302843774026
1,2026-02-15 09:00:00,1,0.6506588295567721
1,2026-02-15 10:00:00,1,0.850101973187899
1,2026-02-15 11:00:00,1,0.9553299621510728
1,2026-02-15 12:00:00,1,0.9784102230624688
1,2026-02-15 13:00:00,1,0.9863154770132768
1,2026-02-15 14:00:00,1,0.9764978708184496
1,2026-02-15 15:00:00,1,0.9861942514783552
1,2026-02-15 16:00:00,1,0.9820618468554898
1,2026-02-15 17:00:00,1,0.988192736165764
1,2026-02-15 18:00:00,1,0.9858878337945008
1,2026-02-15 19:00:00,1,0.9862644478619852
1,2026-02-15 20:00:00,1,0.9796157717871676
1,2026-02-15 21:00:00,1,0.9232234561994072
1,2026-02-15 22:00:00,1,0.7970565955465616
1,2026-02-15 23:00:00,1,0.6596874832599131
1,2026-02-16 00:00:00,1,0.4457544595649358
1,2026-02-16 01:00:00,1,0.4689172415862375
1,2026-02-16 02:00:00,1,0.5411807471773032
1,2026-02-16 03:00:00,1,0.5621499802019898
1,2026-02-16 04:00:00,1,0.6231435712294603
1,2026-02-16 05:00:00,1,0.8017136848844479
1,2026-02-16 06:00:00,1,0.6618367878684688
1,2026-02-16 07:00:00,1,0.6379749275681088
1,2026-02-16 08:00:00,1,0.6663613611357598
1,2026-02-16 09:00:00,1,0.6231409338261586
1,2026-02-16 10:00:00,1,0.6108645307210823
1,2026-02-16 11:00:00,1,0.7036937656618912
1,2026-02-16 12:00:00,1,0.8184971375153209
1,2026-02-16 13:00:00,1,0.7413200618971627
1,2026-02-16 14:00:00,1,0.8104866406020053
1,2026-02-16 15:00:00,1,0.8735938482170278
1,2026-02-16 16:00:00,1,0.8858665157875073
1,2026-02-16 17:00:00,1,0.5977048965770582
1,2026-02-16 18:00:00,1,0.6724681514797786
1,2026-02-16 19:00:00,1,0.6953651565965424
1,2026-02-16 20:00:00,1,0.7070006344683077
1,2026-02-16 21:00:00,1,0.6815064183618861
1,2026-02-16 22:00:00,1,0.6513380554759671
1,2026-02-16 23:00:00,1,0.6679307842698538
1,2026-02-17 00:00:00,1,0.5097564910644665
1,2026-02-17 01:00:00,1,0.5586530948547692
1,2026-02-17 02:00:00,1,0.5765582809238419
1,2026-02-17 03:00:00,1,0.6139311125651247
1,2026-02-17 04:00:00,1,0.5538410281386132
1,2026-02-17 05:00:00,1,0.377764129864871
1,2026-02-17 06:00:00,1,0.2560049660292334
1,2026-02-17 07:00:00,1,0.1845074304427532
1,2026-02-17 08:00:00,1,0.1148683919792319
1,2026-02-17 09:00:00,1,0.0744559539921937
1,2026-02-17 10:00:00,1,0.0555186560851535
1,2026-02-17 11:00:00,1,0.0632557697901898
1,2026-02-17 12:00:00,1,0.0772206076692669
1,2026-02-17 13:00:00,1,0.1150666675975261
1,2026-02-17 14:00:00,1,0.1314985852947707
1,2026-02-17 15:00:00,1,0.2225794531744885
1,2026-02-17 16:00:00,1,0.23267586221818
1,2026-02-17 17:00:00,1,0.3836537754777208
1,2026-02-17 18:00:00,1,0.4954569054821853
1,2026-02-17 19:00:00,1,0.6417284899217367
1,2026-02-17 20:00:00,1,0.7209332009310578
1,2026-02-17 21:00:00,1,0.8353217441049544
1,2026-02-17 22:00:00,1,0.787169703950222
1,2026-02-17 23:00:00,1,0.8755966981339306
1,2026-02-18 00:00:00,1,0.7494809861472076
1,2026-02-18 01:00:00,1,0.700771636445172
1,2026-02-18 02:00:00,1,0.8684009775453623
1,2026-02-18 03:00:00,1,0.7868536837877791
1,2026-02-18 04:00:00,1,0.8942892660024496
1,2026-02-18 05:00:00,1,0.9188539510186766
1,2026-02-18 06:00:00,1,0.6853590474267334
1,2026-02-18 07:00:00,1,0.679355521541285
1,2026-02-18 08:00:00,1,0.8525129149479286
1,2026-02-18 09:00:00,1,0.8541712135079937
1,2026-02-18 10:00:00,1,0.9519068446544408
1,2026-02-18 11:00:00,1,0.981513014053553
1,2026-02-18 12:00:00,1,0.985981280927786
1,2026-02-18 13:00:00,1,0.988298813739023
1,2026-02-18 14:00:00,1,0.9861603051755562
1,2026-02-18 15:00:00,1,0.9862379593617429
1,2026-02-18 16:00:00,1,0.97025534468792
1,2026-02-18 17:00:00,1,0.960004302670762
1,2026-02-18 18:00:00,1,0.9489257791528284
1,2026-02-18 19:00:00,1,0.92491316484748
1,2026-02-18 20:00:00,1,0.8696070090466375
1,2026-02-18 21:00:00,1,0.7456430138773849
1,2026-02-18 22:00:00,1,0.7166463323424881
1,2026-02-18 23:00:00,1,0.703720922072952
1,2026-02-19 00:00:00,1,0.6037423767771051
1,2026-02-19 01:00:00,1,0.592745714641606
1,2026-02-19 02:00:00,1,0.7476139757238787
1,2026-02-19 03:00:00,1,0.7079617562323806
1,2026-02-19 04:00:00,1,0.7706740664488269
1,2026-02-19 05:00:00,1,0.5713695593232144
1,2026-02-19 06:00:00,1,0.4708740819672948
1,2026-02-19 07:00:00,1,0.4451659746270003
1,2026-02-19 08:00:00,1,0.3234825205704191
1,2026-02-19 09:00:00,1,0.3259650363668904
1,2026-02-19 10:00:00,1,0.3565415643785352
1,2026-02-19 11:00:00,1,0.3585648262995881
1,2026-02-19 12:00:00,1,0.378250119053677
1,2026-02-19 13:00:00,1,0.3525649304047065
1,2026-02-19 14:00:00,1,0.3353118671983318
1,2026-02-19 15:00:00,1,0.3434179697954193
1,2026-02-19 16:00:00,1,0.2487909924968453
1,2026-02-19 17:00:00,1,0.1667460289145448
1,2026-02-19 18:00:00,1,0.1259086541324957
1,2026-02-19 19:00:00,1,0.1104163359405759
1,2026-02-19 20:00:00,1,0.1049335982138363
1,2026-02-19 21:00:00,1,0.1158946881364586
1,2026-02-19 22:00:00,1,0.1371300895125344
1,2026-02-19 23:00:00,1,0.1973365727596184
1,2026-02-20 00:00:00,1,0.2290569816289394
1,2026-02-20 01:00:00,1,0.258015728023165
1,2026-02-20 02:00:00,1,0.2867148279254438
1,2026-02-20 03:00:00,1,0.3199700507325835
1,2026-02-20 04:00:00,1,0.3788876961673089
1,2026-02-20 05:00:00,1,0.4597472934046833
1,2026-02-20 06:00:00,1,0.5579094586368838
1,2026-02-20 07:00:00,1,0.5773539017987727
1,2026-02-20 08:00:00,1,0.6309843738540716
1,2026-02-20 09:00:00,1,0.5614350068909191
1,2026-02-20 10:00:00,1,0.430258578674218
1,2026-02-20 11:00:00,1,0.4096495061179806
1,2026-02-20 12:00:00,1,0.3485995390389457
1,2026-02-20 13:00:00,1,0.2896763087051632
1,2026-02-20 14:00:00,1,0.2343896414900013
1,2026-02-20 15:00:00,1,0.1512082581810047
1,2026-02-20 16:00:00,1,0.091055200350145
1,2026-02-20 17:00:00,1,0.0867582931523411
1,2026-02-20 18:00:00,1,0.0436958778107075
1,2026-02-20 19:00:00,1,0.1848589610047626
1,2026-02-20 20:00:00,1,0.2366765355271746
1,2026-02-20 21:00:00,1,0.3629641687551362
1,2026-02-20 22:00:00,1,0.5969498911705876
1,2026-02-20 23:00:00,1,0.825981564439336
1,2026-02-21 00:00:00,1,0.678326390828162
1,2026-02-21 01:00:00,1,0.7247629733986761
1,2026-02-21 02:00:00,1,0.7232662201510014
1,2026-02-21 03:00:00,1,0.6566921275702537
1,2026-02-21 04:00:00,1,0.6046346638736564
1,2026-02-21 05:00:00,1,0.6175173134505713
1,2026-02-21 06:00:00,1,0.5681287086546571
1,2026-02-21 07:00:00,1,0.5225417260873179
1,2026-02-21 08:00:00,1,0.4199420332825527
1,2026-02-21 09:00:00,1,0.2985408319726561
1,2026-02-21 10:00:00,1,0.2701613838176978
1,2026-02-21 11:00:00,1,0.6405000182915437
1,2026-02-21 12:00:00,1,0.8269348494359757
1,2026-02-21 13:00:00,1,0.8538865062582316
1,2026-02-21 14:00:00,1,0.8373736886910897
1,2026-02-21 15:00:00,1,0.7998858283112663
1,2026-02-21 16:00:00,1,0.7467726043680046
1,2026-02-21 17:00:00,1,0.6897084345633265
1,2026-02-21 18:00:00,1,0.5116669544145918
1,2026-02-21 19:00:00,1,0.4277771985579195
1,2026-02-21 20:00:00,1,0.3374413015671298
1,2026-02-21 21:00:00,1,0.2774085196881297
1,2026-02-21 22:00:00,1,0.2830719563067699
1,2026-02-21 23:00:00,1,0.2393761370643072
1,2026-02-22 00:00:00,1,0.1089962042427436
1,2026-02-22 01:00:00,1,0.0933090432031697
1,2026-02-22 02:00:00,1,0.0669241127155168
1,2026-02-22 03:00:00,1,0.0278771394380711
1,2026-02-22 04:00:00,1,0.0119153417921354
1,2026-02-22 05:00:00,1,0.0174170761226621
1,2026-02-22 06:00:00,1,0.0519242506026508
1,2026-02-22 07:00:00,1,0.2060705426757691
1,2026-02-22 08:00:00,1,0.424486579484071
1,2026-02-22 09:00:00,1,0.5955041780913828
1,2026-02-22 10:00:00,1,0.7530027395559424
1,2026-02-22 11:00:00,1,0.9289504756650876
1,2026-02-22 12:00:00,1,0.950021754305358
1,2026-02-22 13:00:00,1,0.9866186976224424
1,2026-02-22 14:00:00,1,0.977986863486915
1,2026-02-22 15:00:00,1,0.974575997786577
1,2026-02-22 16:00:00,1,0.9198365252488064
1,2026-02-22 17:00:00,1,0.8276519351096511
1,2026-02-22 18:00:00,1,0.6820728028198055
1,2026-02-22 19:00:00,1,0.5351117576446611
1,2026-02-22 20:00:00,1,0.3579052434923253
1,2026-02-22 21:00:00,1,0.2749041953848911
1,2026-02-22 22:00:00,1,0.2246708145358409
1,2026-02-22 23:00:00,1,0.1635321015765912
1,2026-02-23 00:00:00,1,0.0735393422900075
1,2026-02-23 01:00:00,1,0.0728130269109694
1,2026-02-23 02:00:00,1,0.0575825202080473
1,2026-02-23 03:00:00,1,0.0456064710904147
1,2026-02-23 04:00:00,1,0.0342752892299293
1,2026-02-23 05:00:00,1,0.0200967346634718
1,2026-02-23 06:00:00,1,0.0231349379777129
1,2026-02-23 07:00:00,1,0.0192627192627166
1,2026-02-23 08:00:00,1,0.0214775480020092
1,2026-02-23 09:00:00,1,0.0457905292319697
1,2026-02-23 10:00:00,1,0.0780123311272974
1,2026-02-23 11:00:00,1,0.1632679976757389
1,2026-02-23 12:00:00,1,0.2381139403786411
1,2026-02-23 13:00:00,1,0.3521503274125367
1,2026-02-23 14:00:00,1,0.4254086995316786
1,2026-02-23 15:00:00,1,0.442655261770558
1,2026-02-23 16:00:00,1,0.5542687623016448
1,2026-02-23 17:00:00,1,0.6343059092970182
1,2026-02-23 18:00:00,1,0.7085083501769533
1,2026-02-23 19:00:00,1,0.7913538876778045
1,2026-02-23 20:00:00,1,0.8248876571854554
1,2026-02-23 21:00:00,1,0.8578145065676834
1,2026-02-23 22:00:00,1,0.9196730795222228
1,2026-02-23 23:00:00,1,0.931354609088696
1,2026-02-24 00:00:00,1,0.8517156122082905
1,2026-02-24 01:00:00,1,0.8906733076089237
1,2026-02-24 02:00:00,1,0.9352352011786788
1,2026-02-24 03:00:00,1,0.902361520023888
1,2026-02-24 04:00:00,1,0.8292577166957422
1,2026-02-24 05:00:00,1,0.7480282071728908
1,2026-02-24 06:00:00,1,0.684536707816027
1,2026-02-24 07:00:00,1,0.6419364622234387
1,2026-02-24 08:00:00,1,0.637188766225681
1,2026-02-24 09:00:00,1,0.55060096615285
1,2026-02-24 10:00:00,1,0.5424009610315406
1,2026-02-24 11:00:00,1,0.4571844349371578
1,2026-02-24 12:00:00,1,0.4290416147019627
1,2026-02-24 13:00:00,1,0.4447289734340786
1,2026-02-24 14:00:00,1,0.4516767305623519
1,2026-02-24 15:00:00,1,0.4526506733081787
1,2026-02-24 16:00:00,1,0.425911068749378
1,2026-02-24 17:00:00,1,0.3272438913695165
1,2026-02-24 18:00:00,1,0.2968334952440321
1,2026-02-24 19:00:00,1,0.2627102249501352
1,2026-02-24 20:00:00,1,0.1857178592248917
1,2026-02-24 21:00:00,1,0.1088213700792922
1,2026-02-24 22:00:00,1,0.0361263450902873
1,2026-02-24 23:00:00,1,0.0173255255732007
1,2026-02-25 00:00:00,1,0.0110979559184067
1,2026-02-25 01:00:00,1,0.0112710858553752
1,2026-02-25 02:00:00,1,0.0152290628333405
1,2026-02-25 03:00:00,1,0.0183529815940507
1,2026-02-25 04:00:00,1,0.0284372780572205
1,2026-02-25 05:00:00,1,0.0357336650987276
1,2026-02-25 06:00:00,1,0.0432368687049154
1,2026-02-25 07:00:00,1,0.0654940688103336
1,2026-02-25 08:00:00,1,0.0770903711405246
1,2026-02-25 09:00:00,1,0.0666064493796976
1,2026-02-25 10:00:00,1,0.0654243815364339
1,2026-02-25 11:00:00,1,0.0337671386936554
1,2026-02-25 12:00:00,1,0.0172337516991181
1,2026-02-25 13:00:00,1,0.0142578211414687
1,2026-02-25 14:00:00,1,0.0107722217515857
1,2026-02-25 15:00:00,1,0.0113574782241238
1,2026-02-25 16:00:00,1,0.0125994860596048
1,2026-02-25 17:00:00,1,0.0169773967162518
1,2026-02-25 18:00:00,1,0.022719789928025
1,2026-02-25 19:00:00,1,0.019096682925432
1,2026-02-25 20:00:00,1,0.0837204524066313
1,2026-02-25 21:00:00,1,0.1740861182875226
1,2026-02-25 22:00:00,1,0.3571251493816708
1,2026-02-25 23:00:00,1,0.5655697828430082
1,2026-02-26 00:00:00,1,0.6841160017414728
1,2026-02-26 01:00:00,1,0.7821576248077948
1,2026-02-26 02:00:00,1,0.8462113897407505
1,2026-02-26 03:00:00,1,0.8523232623298472
1,2026-02-26 04:00:00,1,0.8900167489219959
1,2026-02-26 05:00:00,1,0.8697570457535614
1,2026-02-26 06:00:00,1,0.6338541426803517
1,2026-02-26 07:00:00,1,0.5595692725770076
1,2026-02-26 08:00:00,1,0.4591757858080874
1,2026-02-26 09:00:00,1,0.1742705361974936
1,2026-02-26 10:00:00,1,0.2310817237505048
1,2026-02-26 11:00:00,1,0.3399369482795852
1,2026-02-26 12:00:00,1,0.4324220975454206
1,2026-02-26 13:00:00,1,0.3660280012938596
1,2026-02-26 14:00:00,1,0.3582715506224091
1,2026-02-26 15:00:00,1,0.3942424105863618
1,2026-02-26 16:00:00,1,0.4578055917483075
1,2026-02-26 17:00:00,1,0.6003538774060259
1,2026-02-26 18:00:00,1,0.63000320308147
1,2026-02-26 19:00:00,1,0.6848724844986258
1,2026-02-26 20:00:00,1,0.7653621277517177
1,2026-02-26 21:00:00,1,0.7922344372701103
1,2026-02-26 22:00:00,1,0.7986971203230727
1,2026-02-26 23:00:00,1,0.8358084719377178
1,2026-02-27 00:00:00,1,0.6289267534594927
1,2026-02-27 01:00:00,1,0.5900014906888427
1,2026-02-27 02:00:00,1,0.6397201343923642
1,2026-02-27 03:00:00,1,0.6830799545613159
1,2026-02-27 04:00:00,1,0.6267129779930469
1,2026-02-27 05:00:00,1,0.429407688575785
1,2026-02-27 06:00:00,1,0.3420734426167036
1,2026-02-27 07:00:00,1,0.3089438998100386
1,2026-02-27 08:00:00,1,0.2663585776026673
1,2026-02-27 09:00:00,1,0.2352368903392653
1,2026-02-27 10:00:00,1,0.2561575377513734
1,2026-02-27 11:00:00,1,0.2870353750331166
1,2026-02-27 12:00:00,1,0.3075990020302438
1,2026-02-27 13:00:00,1,0.3764259566453566
1,2026-02-27 14:00:00,1,0.4802391358317616
1,2026-02-27 15:00:00,1,0.5347852485113834
1,2026-02-27 16:00:00,1,0.634181921084493
1,2026-02-27 17:00:00,1,0.650941707372728
1,2026-02-27 18:00:00,1,0.7019699682034576
1,2026-02-27 19:00:00,1,0.7372643530774624
1,2026-02-27 20:00:00,1,0.7390333438289087
1,2026-02-27 21:00:00,1,0.6898125975433334
1,2026-02-27 22:00:00,1,0.6421224873148876
1,2026-02-27 23:00:00,1,0.554329529589826
1,2026-02-28 00:00:00,1,0.5090876705755685
1,2026-02-28 01:00:00,1,0.5808219189705245
1,2026-02-28 02:00:00,1,0.5890781389183275
1,2026-02-28 03:00:00,1,0.6768739572780724
1,2026-02-28 04:00:00,1,0.7097369919644346
1,2026-02-28 05:00:00,1,0.7363930004955808
1,2026-02-28 06:00:00,1,0.7230673438676262
1,2026-02-28 07:00:00,1,0.7538002346420172
1,2026-02-28 08:00:00,1,0.7771916977188704
1,2026-02-28 09:00:00,1,0.779635036983523
1,2026-02-28 10:00:00,1,0.7759636543010595
1,2026-02-28 11:00:00,1,0.7626277621170052
1,2026-02-28 12:00:00,1,0.7514478150362417
1,2026-02-28 13:00:00,1,0.7255975800702753
1,2026-02-28 14:00:00,1,0.7076583103925598
1,2026-02-28 15:00:00,1,0.668835617260801
1,2026-02-28 16:00:00,1,0.6361609358689648
1,2026-02-28 17:00:00,1,0.5736513393916648
1,2026-02-28 18:00:00,1,0.5418390474271296
1,2026-02-28 19:00:00,1,0.4655579458025061
1,2026-02-28 20:00:00,1,0.3991775280642322
1,2026-02-28 21:00:00,1,0.2732062946873152
1,2026-02-28 22:00:00,1,0.2188310346101835
1,2026-02-28 23:00:00,1,0.1969317752023306
2,2026-02-01 00:00:00,1,0.0175521301219675
2,2026-02-01 01:00:00,1,0.0192213038778195
2,2026-02-01 02:00:00,1,0.0255876614160609
2,2026-02-01 03:00:00,1,0.0246003616893111
2,2026-02-01 04:00:00,1,0.0179741414839419
2,2026-02-01 05:00:00,1,0.0287310100033701
2,2026-02-01 06:00:00,1,0.0466866562243859
2,2026-02-01 07:00:00,1,0.0706603381064618
2,2026-02-01 08:00:00,1,0.0743897865146089
2,2026-02-01 09:00:00,1,0.1552177187567998
2,2026-02-01 10:00:00,1,0.1722820039682866
2,2026-02-01 11:00:00,1,0.1660409497788916
2,2026-02-01 12:00:00,1,0.2321938446517155
2,2026-02-01 13:00:00,1,0.1948046565515872
2,2026-02-01 14:00:00,1,0.1916305236993071
2,2026-02-01 15:00:00,1,0.2131509473736252
2,2026-02-01 16:00:00,1,0.2128563405829646
2,2026-02-01 17:00:00,1,0.1828103154675426
2,2026-02-01 18:00:00,1,0.184385570559561
2,2026-02-01 19:00:00,1,0.1747486217085592
2,2026-02-01 20:00:00,1,0.1815677405509091
2,2026-02-01 21:00:00,1,0.2243148416185321
2,2026-02-01 22:00:00,1,0.210370545136519
2,2026-02-01 23:00:00,1,0.1982315357856295
2,2026-02-02 00:00:00,1,0.2011118620231064
2,2026-02-02 01:00:00,1,0.2057900012169953
2,2026-02-02 02:00:00,1,0.2103061244546045
2,2026-02-02 03:00:00,1,0.2446111977788726
2,2026-02-02 04:00:00,1,0.4681980432437563
2,2026-02-02 05:00:00,1,0.464216807671067
2,2026-02-02 06:00:00,1,0.453543524288673
2,2026-02-02 07:00:00,1,0.4360882382525844
2,2026-02-02 08:00:00,1,0.6414024652026584
2,2026-02-02 09:00:00,1,0.5445249004858981
2,2026-02-02 10:00:00,1,0.6783594796175427
2,2026-02-02 11:00:00,1,0.8100370179479132
2,2026-02-02 12:00:00,1,0.888484767778753
2,2026-02-02 13:00:00,1,0.9431419510883609
2,2026-02-02 14:00:00,1,0.9437707839886592
2,2026-02-02 15:00:00,1,0.945929295387956
2,2026-02-02 16:00:00,1,0.8792930280442285
2,2026-02-02 17:00:00,1,0.7205992952595247
2,2026-02-02 18:00:00,1,0.3930242192427012
2,2026-02-02 19:00:00,1,0.2361671866421928
2,2026-02-02 20:00:00,1,0.1244728367475178
2,2026-02-02 21:00:00,1,0.0797656790064166
2,2026-02-02 22:00:00,1,0.0915799891768065
2,2026-02-02 23:00:00,1,0.128044700780442
2,2026-02-03 00:00:00,1,0.18736111224994
2,2026-02-03 01:00:00,1,0.3472185676711232
2,2026-02-03 02:00:00,1,0.4501510518084218
2,2026-02-03 03:00:00,1,0.386408214392996
2,2026-02-03 04:00:00,1,0.4320031923531509
2,2026-02-03 05:00:00,1,0.2969444907240209
2,2026-02-03 06:00:00,1,0.3183547270612638
2,2026-02-03 07:00:00,1,0.2157097134777429
2,2026-02-03 08:00:00,1,0.1093587140168449
2,2026-02-03 09:00:00,1,0.0919858418200386
2,2026-02-03 10:00:00,1,0.0669111265206016
2,2026-02-03 11:00:00,1,0.0650453426818419
2,2026-02-03 12:00:00,1,0.0760396311194414
2,2026-02-03 13:00:00,1,0.0602265700419218
2,2026-02-03 14:00:00,1,0.0695792885331803
2,2026-02-03 15:00:00,1,0.0943150374251249
2,2026-02-03 16:00:00,1,0.1256144332938183
2,2026-02-03 17:00:00,1,0.1830346771499749
2,2026-02-03 18:00:00,1,0.270266776224206
2,2026-02-03 19:00:00,1,0.3502745660782603
2,2026-02-03 20:00:00,1,0.4099254704692451
2,2026-02-03 21:00:00,1,0.4154256551648773
2,2026-02-03 22:00:00,1,0.4066928886854404
2,2026-02-03 23:00:00,1,0.3804330711610667
2,2026-02-04 00:00:00,1,0.3213894980600659
2,2026-02-04 01:00:00,1,0.345200682673709
2,2026-02-04 02:00:00,1,0.3327177573748675
2,2026-02-04 03:00:00,1,0.3823031982915588
2,2026-02-04 04:00:00,1,0.3850855570098146
2,2026-02-04 05:00:00,1,0.5565020905049637
2,2026-02-04 06:00:00,1,0.5093884463015839
2,2026-02-04 07:00:00,1,0.3979754989348197
2,2026-02-04 08:00:00,1,0.3651016686868368
2,2026-02-04 09:00:00,1,0.3405478728280037
2,2026-02-04 10:00:00,1,0.2704102212777761
2,2026-02-04 11:00:00,1,0.2596774306564687
2,2026-02-04 12:00:00,1,0.1918344791669729
2,2026-02-04 13:00:00,1,0.1800785733846221
2,2026-02-04 14:00:00,1,0.1524711035228552
2,2026-02-04 15:00:00,1,0.1387198758024586
2,2026-02-04 16:00:00,1,0.1092275403610383
2,2026-02-04 17:00:00,1,0.1053704689851482
2,2026-02-04 18:00:00,1,0.1021513480586958
2,2026-02-04 19:00:00,1,0.2457316021132026
2,2026-02-04 20:00:00,1,0.4416713392545325
2,2026-02-04 21:00:00,1,0.6121604578938571
2,2026-02-04 22:00:00,1,0.743995510409702
2,2026-02-04 23:00:00,1,0.8176766733918106
2,2026-02-05 00:00:00,1,0.838259773969687
2,2026-02-05 01:00:00,1,0.9404097930100086
2,2026-02-05 02:00:00,1,0.972956055103188
2,2026-02-05 03:00:00,1,0.9725337994690374
2,2026-02-05 04:00:00,1,0.9717555454998236
2,2026-02-05 05:00:00,1,0.972995599556359
2,2026-02-05 06:00:00,1,0.9735653876639784
2,2026-02-05 07:00:00,1,0.9736198576368084
2,2026-02-05 08:00:00,1,0.9741286797901338
2,2026-02-05 09:00:00,1,0.9727791914464784
2,2026-02-05 10:00:00,1,0.971808716565066
2,2026-02-05 11:00:00,1,0.9715281030922124
2,2026-02-05 12:00:00,1,0.9711947185165708
2,2026-02-05 13:00:00,1,0.9657254115036928
2,2026-02-05 14:00:00,1,0.9703175327782
2,2026-02-05 15:00:00,1,0.969906678398314
2,2026-02-05 16:00:00,1,0.9675814451934828
2,2026-02-05 17:00:00,1,0.982461497606198
2,2026-02-05 18:00:00,1,0.983091421322854
2,2026-02-05 19:00:00,1,0.9553501012131091
2,2026-02-05 20:00:00,1,0.8901890721054585
2,2026-02-05 21:00:00,1,0.9131679654033712
2,2026-02-05 22:00:00,1,0.8517127573025478
2,2026-02-05 23:00:00,1,0.810440612177222
2,2026-02-06 00:00:00,1,0.5478471927748687
2,2026-02-06 01:00:00,1,0.5098458534357831
2,2026-02-06 02:00:00,1,0.3127155442340248
2,2026-02-06 03:00:00,1,0.3321712464941661
2,2026-02-06 04:00:00,1,0.264836046389954
2,2026-02-06 05:00:00,1,0.1759635419208002
2,2026-02-06 06:00:00,1,0.0845165845969285
2,2026-02-06 07:00:00,1,0.0679508079946233
2,2026-02-06 08:00:00,1,0.0674835281676456
2,2026-02-06 09:00:00,1,0.0863471662191788
2,2026-02-06 10:00:00,1,0.1444205241917249
2,2026-02-06 11:00:00,1,0.3203651035046964
2,2026-02-06 12:00:00,1,0.5534173012517402
2,2026-02-06 13:00:00,1,0.8328021244530299
2,2026-02-06 14:00:00,1,0.9659114526560952
2,2026-02-06 15:00:00,1,0.9686033346490536
2,2026-02-06 16:00:00,1,0.9701280100479528
2,2026-02-06 17:00:00,1,0.971044222774784
2,2026-02-06 18:00:00,1,0.9715412575294444
2,2026-02-06 19:00:00,1,0.9745460711574204
2,2026-02-06 20:00:00,1,0.973794964767588
2,2026-02-06 21:00:00,1,0.9608168471279932
2,2026-02-06 22:00:00,1,0.9607818116070316
2,2026-02-06 23:00:00,1,0.8842095510474233
2,2026-02-07 00:00:00,1,0.588118118239339
2,2026-02-07 01:00:00,1,0.5699657877728491
2,2026-02-07 02:00:00,1,0.5358309099529677
2,2026-02-07 03:00:00,1,0.4671528338460245
2,2026-02-07 04:00:00,1,0.3287375812532494
2,2026-02-07 05:00:00,1,0.1389691396654906
2,2026-02-07 06:00:00,1,0.0568735907249217
2,2026-02-07 07:00:00,1,0.0111414234249578
2,2026-02-07 08:00:00,1,0.0232939693645442
2,2026-02-07 09:00:00,1,0.0251247800807765
2,2026-02-07 10:00:00,1,0.1124727277485306
2,2026-02-07 11:00:00,1,0.1844512938585159
2,2026-02-07 12:00:00,1,0.2414880680253282
2,2026-02-07 13:00:00,1,0.2493401490876885
2,2026-02-07 14:00:00,1,0.1611014487372277
2,2026-02-07 15:00:00,1,0.0927389782091479
2,2026-02-07 16:00:00,1,0.0710765072576261
2,2026-02-07 17:00:00,1,0.0706676762488507
2,2026-02-07 18:00:00,1,0.1192419076385397
2,2026-02-07 19:00:00,1,0.3275953058917085
2,2026-02-07 20:00:00,1,0.5271249992268223
2,2026-02-07 21:00:00,1,0.6919412627905743
2,2026-02-07 22:00:00,1,0.845058752408226
2,2026-02-07 23:00:00,1,0.9237411360414762
2,2026-02-08 00:00:00,1,0.8623302628842214
2,2026-02-08 01:00:00,1,0.9120658241661778
2,2026-02-08 02:00:00,1,0.9113621601483158
2,2026-02-08 03:00:00,1,0.939513680692438
2,2026-02-08 04:00:00,1,0.8442528191377352
2,2026-02-08 05:00:00,1,0.7290210164489517
2,2026-02-08 06:00:00,1,0.552703203590149
2,2026-02-08 07:00:00,1,0.3789278974138939
2,2026-02-08 08:00:00,1,0.2360560062989526
2,2026-02-08 09:00:00,1,0.139499446450667
2,2026-02-08 10:00:00,1,0.100061624529089
2,2026-02-08 11:00:00,1,0.0335318600328153
2,2026-02-08 12:00:00,1,0.0283774377607626
2,2026-02-08 13:00:00,1,0.029421651204979
2,2026-02-08 14:00:00,1,0.2293935104332742
2,2026-02-08 15:00:00,1,0.5947800717185283
2,2026-02-08 16:00:00,1,0.8522344868086345
2,2026-02-08 17:00:00,1,0.9687751257320536
2,2026-02-08 18:00:00,1,0.9738373019481904
2,2026-02-08 19:00:00,1,0.9729414551664854
2,2026-02-08 20:00:00,1,0.9743355231720632
2,2026-02-08 21:00:00,1,0.9744623187111726
2,2026-02-08 22:00:00,1,0.974325245579308
2,2026-02-08 23:00:00,1,0.9744835495739836
2,2026-02-09 00:00:00,1,0.9223323125283752
2,2026-02-09 01:00:00,1,0.9627793011684842
2,2026-02-09 02:00:00,1,0.9754560036365264
2,2026-02-09 03:00:00,1,0.9752129614352972
2,2026-02-09 04:00:00,1,0.9751972481052472
2,2026-02-09 05:00:00,1,0.9750999268233964
2,2026-02-09 06:00:00,1,0.9703109235887448
2,2026-02-09 07:00:00,1,0.9691430444744908
2,2026-02-09 08:00:00,1,0.9715023016407922
2,2026-02-09 09:00:00,1,0.9710986604652668
2,2026-02-09 10:00:00,1,0.968469036591953
2,2026-02-09 11:00:00,1,0.9683287123175311
2,2026-02-09 12:00:00,1,0.9708208442454528
2,2026-02-09 13:00:00,1,0.9714171147332104
2,2026-02-09 14:00:00,1,0.9705379138461137
2,2026-02-09 15:00:00,1,0.9705580202606128
2,2026-02-09 16:00:00,1,0.9603526211422424
2,2026-02-09 17:00:00,1,0.8249152198839947
2,2026-02-09 18:00:00,1,0.7483647688311234
2,2026-02-09 19:00:00,1,0.5628711970651767
2,2026-02-09 20:00:00,1,0.5137567475883535
2,2026-02-09 21:00:00,1,0.3713247792353172
2,2026-02-09 22:00:00,1,0.2470277021754596
2,2026-02-09 23:00:00,1,0.1602023765751495
2,2026-02-10 00:00:00,1,0.0815514553686548
2,2026-02-10 01:00:00,1,0.078709762177848
2,2026-02-10 02:00:00,1,0.10892378676878
2,2026-02-10 03:00:00,1,0.1232955030521196
2,2026-02-10 04:00:00,1,0.1171141082081139
2,2026-02-10 05:00:00,1,0.1058328547398103
2,2026-02-10 06:00:00,1,0.0569972700109309
2,2026-02-10 07:00:00,1,0.1581168095249195
2,2026-02-10 08:00:00,1,0.1967281695048577
2,2026-02-10 09:00:00,1,0.2361079703073618
2,2026-02-10 10:00:00,1,0.3557321282961135
2,2026-02-10 11:00:00,1,0.2250338953390687
2,2026-02-10 12:00:00,1,0.2565207167988418
2,2026-02-10 13:00:00,1,0.2353959861700778
2,2026-02-10 14:00:00,1,0.1524297192866869
2,2026-02-10 15:00:00,1,0.1263169573333138
2,2026-02-10 16:00:00,1,0.1354211843231216
2,2026-02-10 17:00:00,1,0.138315983120551
2,2026-02-10 18:00:00,1,0.21378611281845
2,2026-02-10 19:00:00,1,0.3590985041156874
2,2026-02-10 20:00:00,1,0.54452629255244
2,2026-02-10 21:00:00,1,0.832655871201305
2,2026-02-10 22:00:00,1,0.9478573992783854
2,2026-02-10 23:00:00,1,0.9487814939060004
2,2026-02-11 00:00:00,1,0.9044878598489264
2,2026-02-11 01:00:00,1,0.9108576070428136
2,2026-02-11 02:00:00,1,0.8468503471495012
2,2026-02-11 03:00:00,1,0.894565814883357
2,2026-02-11 04:00:00,1,0.8112277251726162
2,2026-02-11 05:00:00,1,0.5591432149210545
2,2026-02-11 06:00:00,1,0.2100055233786965
2,2026-02-11 07:00:00,1,0.1004931986820296
2,2026-02-11 08:00:00,1,0.12731057837691
2,2026-02-11 09:00:00,1,0.1066125383143089
2,2026-02-11 10:00:00,1,0.1200633061731422
2,2026-02-11 11:00:00,1,0.2235643781383164
2,2026-02-11 12:00:00,1,0.2617901677923469
2,2026-02-11 13:00:00,1,0.1685609554486473
2,2026-02-11 14:00:00,1,0.3319290594676911
2,2026-02-11 15:00:00,1,0.4315491720224427
2,2026-02-11 16:00:00,1,0.7163047922965966
2,2026-02-11 17:00:00,1,0.9154655359016282
2,2026-02-11 18:00:00,1,0.9644035108043296
2,2026-02-11 19:00:00,1,0.9487760014614884
2,2026-02-11 20:00:00,1,0.9249654872761994
2,2026-02-11 21:00:00,1,0.9631784331636256
2,2026-02-11 22:00:00,1,0.9358820681785116
2,2026-02-11 23:00:00,1,0.7299166122674821
2,2026-02-12 00:00:00,1,0.4465977536541349
2,2026-02-12 01:00:00,1,0.4874913455119516
2,2026-02-12 02:00:00,1,0.4698277538415366
2,2026-02-12 03:00:00,1,0.4115992260944786
2,2026-02-12 04:00:00,1,0.2992257133579228
2,2026-02-12 05:00:00,1,0.1664097877840147
2,2026-02-12 06:00:00,1,0.0965785013236842
2,2026-02-12 07:00:00,1,0.0619278994012958
2,2026-02-12 08:00:00,1,0.0347419444159656
2,2026-02-12 09:00:00,1,0.0133185992471247
2,2026-02-12 10:00:00,1,0.0116259809747878
2,2026-02-12 11:00:00,1,0.0235868552091784
2,2026-02-12 12:00:00,1,0.0539909648282297
2,2026-02-12 13:00:00,1,0.0887323953406233
2,2026-02-12 14:00:00,1,0.0938427247074493
2,2026-02-12 15:00:00,1,0.0713502153835171
2,2026-02-12 16:00:00,1,0.1303409377959007
2,2026-02-12 17:00:00,1,0.1749745556970608
2,2026-02-12 18:00:00,1,0.1763412750194651
2,2026-02-12 19:00:00,1,0.1704214001482649
2,2026-02-12 20:00:00,1,0.1502382145306752
2,2026-02-12 21:00:00,1,0.1151418827654542
2,2026-02-12 22:00:00,1,0.0945627515663429
2,2026-02-12 23:00:00,1,0.038874832799889
2,2026-02-13 00:00:00,1,0.010063486974109
2,2026-02-13 01:00:00,1,0.0098403453006165
2,2026-02-13 02:00:00,1,0.0101105148990773
2,2026-02-13 03:00:00,1,0.01008704937788
2,2026-02-13 04:00:00,1,0.0099686032086477
2,2026-02-13 05:00:00,1,0.0101415164308714
2,2026-02-13 06:00:00,1,0.0100084686421509
2,2026-02-13 07:00:00,1,0.0101148419570619
2,2026-02-13 08:00:00,1,0.0110850793396283
2,2026-02-13 09:00:00,1,0.0105904631186148
2,2026-02-13 10:00:00,1,0.0105124011557369
2,2026-02-13 11:00:00,1,0.0103327878919806
2,2026-02-13 12:00:00,1,0.0099357154142787
2,2026-02-13 13:00:00,1,0.0095302728824145
2,2026-02-13 14:00:00,1,0.0110926368648731
2,2026-02-13 15:00:00,1,0.0150463328244261
2,2026-02-13 16:00:00,1,0.0212992808037431
2,2026-02-13 17:00:00,1,0.0357284601629156
2,2026-02-13 18:00:00,1,0.0681812404934714
2,2026-02-13 19:00:00,1,0.1119447947700184
2,2026-02-13 20:00:00,1,0.2110897365475924
2,2026-02-13 21:00:00,1,0.375286567292709
2,2026-02-13 22:00:00,1,0.5032471720641954
2,2026-02-13 23:00:00,1,0.5698830083745536
2,2026-02-14 00:00:00,1,0.6540694830698096
2,2026-02-14 01:00:00,1,0.7415823752601765
2,2026-02-14 02:00:00,1,0.8522955948176772
2,2026-02-14 03:00:00,1,0.8743566431822781
2,2026-02-14 04:00:00,1,0.8205794973174786
2,2026-02-14 05:00:00,1,0.498996366313769
2,2026-02-14 06:00:00,1,0.4223703498328305
2,2026-02-14 07:00:00,1,0.2517036870795182
2,2026-02-14 08:00:00,1,0.2344075950696501
2,2026-02-14 09:00:00,1,0.1037071554895169
2,2026-02-14 10:00:00,1,0.0773020046001937
2,2026-02-14 11:00:00,1,0.0701840836682049
2,2026-02-14 12:00:00,1,0.062950552528944
2,2026-02-14 13:00:00,1,0.0420111348915227
2,2026-02-14 14:00:00,1,0.0442210345092592
2,2026-02-14 15:00:00,1,0.0415726253200294
2,2026-02-14 16:00:00,1,0.0290884462399453
2,2026-02-14 17:00:00,1,0.0267831480587721
2,2026-02-14 18:00:00,1,0.0326089012440292
2,2026-02-14 19:00:00,1,0.027653701357491
2,2026-02-14 20:00:00,1,0.033737148958656
2,2026-02-14 21:00:00,1,0.0228134969895481
2,2026-02-14 22:00:00,1,0.0169637594752033
2,2026-02-14 23:00:00,1,0.0151022233095868
2,2026-02-15 00:00:00,1,0.0142427301148183
2,2026-02-15 01:00:00,1,0.0108617069370826
2,2026-02-15 02:00:00,1,0.0147498213283899
2,2026-02-15 03:00:00,1,0.0186952932469912
2,2026-02-15 04:00:00,1,0.0276683377860493
2,2026-02-15 05:00:00,1,0.0384205065622524
2,2026-02-15 06:00:00,1,0.1602353717809082
2,2026-02-15 07:00:00,1,0.2386153604507862
2,2026-02-15 08:00:00,1,0.2985902042659771
2,2026-02-15 09:00:00,1,0.7298313675745638
2,2026-02-15 10:00:00,1,0.8575042309931508
2,2026-02-15 11:00:00,1,0.9519338663618024
2,2026-02-15 12:00:00,1,0.9696945821378034
2,2026-02-15 13:00:00,1,0.9717442755381984
2,2026-02-15 14:00:00,1,0.968730750923789
2,2026-02-15 15:00:00,1,0.9738514426745504
2,2026-02-15 16:00:00,1,0.9708777704878516
2,2026-02-15 17:00:00,1,0.973827553904622
2,2026-02-15 18:00:00,1,0.9680564572173928
2,2026-02-15 19:00:00,1,0.9662336679438032
2,2026-02-15 20:00:00,1,0.95089423142456
2,2026-02-15 21:00:00,1,0.8775397911307612
2,2026-02-15 22:00:00,1,0.7716311877839719
2,2026-02-15 23:00:00,1,0.6434728020265175
2,2026-02-16 00:00:00,1,0.4034520133480929
2,2026-02-16 01:00:00,1,0.4754835820627122
2,2026-02-16 02:00:00,1,0.5007082731056807
2,2026-02-16 03:00:00,1,0.5219227574407294
2,2026-02-16 04:00:00,1,0.5729533555522631
2,2026-02-16 05:00:00,1,0.78632847497832
2,2026-02-16 06:00:00,1,0.6348152497795296
2,2026-02-16 07:00:00,1,0.6369878920875732
2,2026-02-16 08:00:00,1,0.6730643247304868
2,2026-02-16 09:00:00,1,0.6581670688028586
2,2026-02-16 10:00:00,1,0.650909342600927
2,2026-02-16 11:00:00,1,0.7071108682342115
2,2026-02-16 12:00:00,1,0.7904629494904004
2,2026-02-16 13:00:00,1,0.7345781054327072
2,2026-02-16 14:00:00,1,0.8101625908090513
2,2026-02-16 15:00:00,1,0.8821554151317781
2,2026-02-16 16:00:00,1,0.8956836063830217
2,2026-02-16 17:00:00,1,0.6399638462853173
2,2026-02-16 18:00:00,1,0.6749609666446164
2,2026-02-16 19:00:00,1,0.6836972708094364
2,2026-02-16 20:00:00,1,0.6866461672282631
2,2026-02-16 21:00:00,1,0.659247317541961
2,2026-02-16 22:00:00,1,0.6252429577409625
2,2026-02-16 23:00:00,1,0.6463758783507016
2,2026-02-17 00:00:00,1,0.4972441855868706
2,2026-02-17 01:00:00,1,0.5639704174150352
2,2026-02-17 02:00:00,1,0.5389232544527738
2,2026-02-17 03:00:00,1,0.5662592836429241
2,2026-02-17 04:00:00,1,0.5072909826138237
2,2026-02-17 05:00:00,1,0.3428950150958131
2,2026-02-17 06:00:00,1,0.2474701086176895
2,2026-02-17 07:00:00,1,0.1567512442361374
2,2026-02-17 08:00:00,1,0.0769019020203365
2,2026-02-17 09:00:00,1,0.0453341396973483
2,2026-02-17 10:00:00,1,0.0474041421306177
2,2026-02-17 11:00:00,1,0.0698715959797422
2,2026-02-17 12:00:00,1,0.0829128667741666
2,2026-02-17 13:00:00,1,0.1062270277706138
2,2026-02-17 14:00:00,1,0.1180445751304735
2,2026-02-17 15:00:00,1,0.2307550809314463
2,2026-02-17 16:00:00,1,0.229864568957539
2,2026-02-17 17:00:00,1,0.3840147316401793
2,2026-02-17 18:00:00,1,0.4578588813878184
2,2026-02-17 19:00:00,1,0.6202385643388735
2,2026-02-17 20:00:00,1,0.7034867278029349
2,2026-02-17 21:00:00,1,0.8031603776126724
2,2026-02-17 22:00:00,1,0.7673160223321627
2,2026-02-17 23:00:00,1,0.832610566131877
2,2026-02-18 00:00:00,1,0.7426085268888829
2,2026-02-18 01:00:00,1,0.6646434545835108
2,2026-02-18 02:00:00,1,0.8253333268584679
2,2026-02-18 03:00:00,1,0.7241346497932117
2,2026-02-18 04:00:00,1,0.8674926092053136
2,2026-02-18 05:00:00,1,0.8968953071234982
2,2026-02-18 06:00:00,1,0.6267843200091832
2,2026-02-18 07:00:00,1,0.6700641696559615
2,2026-02-18 08:00:00,1,0.799923267733563
2,2026-02-18 09:00:00,1,0.8340688923532131
2,2026-02-18 10:00:00,1,0.9355246630994124
2,2026-02-18 11:00:00,1,0.9699894505632258
2,2026-02-18 12:00:00,1,0.9716987728789864
2,2026-02-18 13:00:00,1,0.9688394915971366
2,2026-02-18 14:00:00,1,0.9682735656658452
2,2026-02-18 15:00:00,1,0.9665530621065884
2,2026-02-18 16:00:00,1,0.9630034279927616
2,2026-02-18 17:00:00,1,0.9581591967581748
2,2026-02-18 18:00:00,1,0.9595306477534926
2,2026-02-18 19:00:00,1,0.8926122718297238
2,2026-02-18 20:00:00,1,0.8305051454526444
2,2026-02-18 21:00:00,1,0.7145520545959064
2,2026-02-18 22:00:00,1,0.6798989046711579
2,2026-02-18 23:00:00,1,0.6718336332669099
2,2026-02-19 00:00:00,1,0.6173555534193657
2,2026-02-19 01:00:00,1,0.6101162432931317
2,2026-02-19 02:00:00,1,0.6997905954044097
2,2026-02-19 03:00:00,1,0.663745625249877
2,2026-02-19 04:00:00,1,0.7525483171812299
2,2026-02-19 05:00:00,1,0.561752567527229
2,2026-02-19 06:00:00,1,0.4725866247502243
2,2026-02-19 07:00:00,1,0.4333596404458084
2,2026-02-19 08:00:00,1,0.3017977294611149
2,2026-02-19 09:00:00,1,0.2999872864561609
2,2026-02-19 10:00:00,1,0.3465256712967345
2,2026-02-19 11:00:00,1,0.3807753745349599
2,2026-02-19 12:00:00,1,0.398614631140821
2,2026-02-19 13:00:00,1,0.3743900682013423
2,2026-02-19 14:00:00,1,0.3680169981390632
2,2026-02-19 15:00:00,1,0.3439958731049151
2,2026-02-19 16:00:00,1,0.2463759911484077
2,2026-02-19 17:00:00,1,0.1608747576324622
2,2026-02-19 18:00:00,1,0.1194759590306684
2,2026-02-19 19:00:00,1,0.1047801725523697
2,2026-02-19 20:00:00,1,0.1093292604835587
2,2026-02-19 21:00:00,1,0.1026249847623141
2,2026-02-19 22:00:00,1,0.141314101717807
2,2026-02-19 23:00:00,1,0.192423528173853
2,2026-02-20 00:00:00,1,0.2242756680254435
2,2026-02-20 01:00:00,1,0.2575518342676774
2,2026-02-20 02:00:00,1,0.2874885027428179
2,2026-02-20 03:00:00,1,0.324921554893593
2,2026-02-20 04:00:00,1,0.3557454607213153
2,2026-02-20 05:00:00,1,0.4385781583717439
2,2026-02-20 06:00:00,1,0.5372088083311477
2,2026-02-20 07:00:00,1,0.5888199755531376
2,2026-02-20 08:00:00,1,0.6385058176753666
2,2026-02-20 09:00:00,1,0.5556289961653087
2,2026-02-20 10:00:00,1,0.4468003884120662
2,2026-02-20 11:00:00,1,0.3960812142106902
2,2026-02-20 12:00:00,1,0.3411291551858034
2,2026-02-20 13:00:00,1,0.2896623257482624
2,2026-02-20 14:00:00,1,0.2235149164668763
2,2026-02-20 15:00:00,1,0.1756733614717194
2,2026-02-20 16:00:00,1,0.0876374939719456
2,2026-02-20 17:00:00,1,0.0770289563752809
2,2026-02-20 18:00:00,1,0.0560721639582288
2,2026-02-20 19:00:00,1,0.1954603920008189
2,2026-02-20 20:00:00,1,0.2384102500333662
2,2026-02-20 21:00:00,1,0.3550336081310203
2,2026-02-20 22:00:00,1,0.5700241595189978
2,2026-02-20 23:00:00,1,0.8098267867917934
2,2026-02-21 00:00:00,1,0.6619918774477673
2,2026-02-21 01:00:00,1,0.6947468377967122
2,2026-02-21 02:00:00,1,0.6681936568737603
2,2026-02-21 03:00:00,1,0.6219749632227907
2,2026-02-21 04:00:00,1,0.5760731963458695
2,2026-02-21 05:00:00,1,0.5641303864237812
2,2026-02-21 06:00:00,1,0.5392389542058246
2,2026-02-21 07:00:00,1,0.5066740081879351
2,2026-02-21 08:00:00,1,0.3861462719091936
2,2026-02-21 09:00:00,1,0.3074822518497526
2,2026-02-21 10:00:00,1,0.3168040848847238
2,2026-02-21 11:00:00,1,0.6067430684651324
2,2026-02-21 12:00:00,1,0.8432654238522254
2,2026-02-21 13:00:00,1,0.8676116451894986
2,2026-02-21 14:00:00,1,0.8805759164398284
2,2026-02-21 15:00:00,1,0.9007832837611224
2,2026-02-21 16:00:00,1,0.8024011707653447
2,2026-02-21 17:00:00,1,0.6834321852657236
2,2026-02-21 18:00:00,1,0.517664506625636
2,2026-02-21 19:00:00,1,0.4505989996692129
2,2026-02-21 20:00:00,1,0.3572070728054455
2,2026-02-21 21:00:00,1,0.2949672014477926
2,2026-02-21 22:00:00,1,0.3119057690153825
2,2026-02-21 23:00:00,1,0.2458003651990516
2,2026-02-22 00:00:00,1,0.1065392655997687
2,2026-02-22 01:00:00,1,0.0938928222529857
2,2026-02-22 02:00:00,1,0.0561558549011342
2,2026-02-22 03:00:00,1,0.028923898073328
2,2026-02-22 04:00:00,1,0.0106759579569863
2,2026-02-22 05:00:00,1,0.0192260775614889
2,2026-02-22 06:00:00,1,0.0497001512339036
2,2026-02-22 07:00:00,1,0.2355589471593314
2,2026-02-22 08:00:00,1,0.4170893615813297
2,2026-02-22 09:00:00,1,0.6280483883521066
2,2026-02-22 10:00:00,1,0.8324598668893438
2,2026-02-22 11:00:00,1,0.9180799026567292
2,2026-02-22 12:00:00,1,0.9442307197120308
2,2026-02-22 13:00:00,1,0.9680571806214884
2,2026-02-22 14:00:00,1,0.9648417836926976
2,2026-02-22 15:00:00,1,0.9694536711398016
2,2026-02-22 16:00:00,1,0.9393574145327536
2,2026-02-22 17:00:00,1,0.8373101645155728
2,2026-02-22 18:00:00,1,0.6974764835021515
2,2026-02-22 19:00:00,1,0.5389879075046311
2,2026-02-22 20:00:00,1,0.3793658728070669
2,2026-02-22 21:00:00,1,0.2475727929686413
2,2026-02-22 22:00:00,1,0.2079457932102873
2,2026-02-22 23:00:00,1,0.1444869598072424
2,2026-02-23 00:00:00,1,0.0788218999247546
2,2026-02-23 01:00:00,1,0.0752580615674994
2,2026-02-23 02:00:00,1,0.0518238305277258
2,2026-02-23 03:00:00,1,0.0383373864478664
2,2026-02-23 04:00:00,1,0.0281893471734043
2,2026-02-23 05:00:00,1,0.0129642669330195
2,2026-02-23 06:00:00,1,0.0185013567998518
2,2026-02-23 07:00:00,1,0.0170615249837472
2,2026-02-23 08:00:00,1,0.0164634866113402
2,2026-02-23 09:00:00,1,0.0495294648794886
2,2026-02-23 10:00:00,1,0.0806669760028363
2,2026-02-23 11:00:00,1,0.1652351635691738
2,2026-02-23 12:00:00,1,0.2394695886304536
2,2026-02-23 13:00:00,1,0.3553513674152271
2,2026-02-23 14:00:00,1,0.4549290575373873
2,2026-02-23 15:00:00,1,0.4889047430719291
2,2026-02-23 16:00:00,1,0.5991117553594025
2,2026-02-23 17:00:00,1,0.6704864840802738
2,2026-02-23 18:00:00,1,0.7328908865699175
2,2026-02-23 19:00:00,1,0.7877059124461457
2,2026-02-23 20:00:00,1,0.825737400383321
2,2026-02-23 21:00:00,1,0.8739313559063447
2,2026-02-23 22:00:00,1,0.8953498806032041
2,2026-02-23 23:00:00,1,0.9324123839873524
2,2026-02-24 00:00:00,1,0.8200668092921306
2,2026-02-24 01:00:00,1,0.8448757335092903
2,2026-02-24 02:00:00,1,0.9129200401765688
2,2026-02-24 03:00:00,1,0.9199055200733636
2,2026-02-24 04:00:00,1,0.8308363513436667
2,2026-02-24 05:00:00,1,0.7296919173657155
2,2026-02-24 06:00:00,1,0.6889833984618676
2,2026-02-24 07:00:00,1,0.6576767440716592
2,2026-02-24 08:00:00,1,0.6154086607184185
2,2026-02-24 09:00:00,1,0.559079193649736
2,2026-02-24 10:00:00,1,0.545694632907379
2,2026-02-24 11:00:00,1,0.5012562696790466
2,2026-02-24 12:00:00,1,0.510871046434737
2,2026-02-24 13:00:00,1,0.5151515192192536
2,2026-02-24 14:00:00,1,0.5153738385229257
2,2026-02-24 15:00:00,1,0.5239267087204144
2,2026-02-24 16:00:00,1,0.4524323790798136
2,2026-02-24 17:00:00,1,0.3638453225162766
2,2026-02-24 18:00:00,1,0.3010339764250034
2,2026-02-24 19:00:00,1,0.2487084875639912
2,2026-02-24 20:00:00,1,0.1735860748105376
2,2026-02-24 21:00:00,1,0.120802261159623
2,2026-02-24 22:00:00,1,0.037558346504416
2,2026-02-24 23:00:00,1,0.0157998084919873
2,2026-02-25 00:00:00,1,0.0103315529459152
2,2026-02-25 01:00:00,1,0.0108501319152626
2,2026-02-25 02:00:00,1,0.0171544198905689
2,2026-02-25 03:00:00,1,0.0157160947897478
2,2026-02-25 04:00:00,1,0.0198429603389799
2,2026-02-25 05:00:00,1,0.0307348388572536
2,2026-02-25 06:00:00,1,0.0328814776423652
2,2026-02-25 07:00:00,1,0.0561799819979342
2,2026-02-25 08:00:00,1,0.0659667340686334
2,2026-02-25 09:00:00,1,0.0512763915962201
2,2026-02-25 10:00:00,1,0.0698525426788608
2,2026-02-25 11:00:00,1,0.0464102888877438
2,2026-02-25 12:00:00,1,0.0195317200425376
2,2026-02-25 13:00:00,1,0.0129427451521573
2,2026-02-25 14:00:00,1,0.0097232905381085
2,2026-02-25 15:00:00,1,0.011254291736591
2,2026-02-25 16:00:00,1,0.0129072024051736
2,2026-02-25 17:00:00,1,0.013660468099791
2,2026-02-25 18:00:00,1,0.020002601690559
2,2026-02-25 19:00:00,1,0.0215784531243381
2,2026-02-25 20:00:00,1,0.0803394744671394
2,2026-02-25 21:00:00,1,0.1722502345616367
2,2026-02-25 22:00:00,1,0.3165161365225536
2,2026-02-25 23:00:00,1,0.5490241614499565
2,2026-02-26 00:00:00,1,0.7159060906390163
2,2026-02-26 01:00:00,1,0.788072065697602
2,2026-02-26 02:00:00,1,0.8218392965839737
2,2026-02-26 03:00:00,1,0.8257914663803364
2,2026-02-26 04:00:00,1,0.8945550812794419
2,2026-02-26 05:00:00,1,0.878808207050211
2,2026-02-26 06:00:00,1,0.5828071895423136
2,2026-02-26 07:00:00,1,0.54802816267659
2,2026-02-26 08:00:00,1,0.4154045662236501
2,2026-02-26 09:00:00,1,0.1752568142532145
2,2026-02-26 10:00:00,1,0.244232885187201
2,2026-02-26 11:00:00,1,0.339566278373429
2,2026-02-26 12:00:00,1,0.4273431250750963
2,2026-02-26 13:00:00,1,0.3537784231129847
2,2026-02-26 14:00:00,1,0.3661947695467419
2,2026-02-26 15:00:00,1,0.4260732149976854
2,2026-02-26 16:00:00,1,0.5056555213411137
2,2026-02-26 17:00:00,1,0.5885649351397311
2,2026-02-26 18:00:00,1,0.6438405199385344
2,2026-02-26 19:00:00,1,0.6681921477728274
2,2026-02-26 20:00:00,1,0.7363291072470951
2,2026-02-26 21:00:00,1,0.762668811416248
2,2026-02-26 22:00:00,1,0.7750172099504002
2,2026-02-26 23:00:00,1,0.8085843531103645
2,2026-02-27 00:00:00,1,0.6178127093302771
2,2026-02-27 01:00:00,1,0.593197617392929
2,2026-02-27 02:00:00,1,0.6293517193134246
2,2026-02-27 03:00:00,1,0.6646351547430955
2,2026-02-27 04:00:00,1,0.6182383642689488
2,2026-02-27 05:00:00,1,0.4223384206470287
2,2026-02-27 06:00:00,1,0.3549592670224678
2,2026-02-27 07:00:00,1,0.3228364779428233
2,2026-02-27 08:00:00,1,0.2863617419006073
2,2026-02-27 09:00:00,1,0.2486845361947881
2,2026-02-27 10:00:00,1,0.2603939068828911
2,2026-02-27 11:00:00,1,0.2956990838984533
2,2026-02-27 12:00:00,1,0.3221088299400702
2,2026-02-27 13:00:00,1,0.3720551671647547
2,2026-02-27 14:00:00,1,0.4812243364247757
2,2026-02-27 15:00:00,1,0.5420036295804612
2,2026-02-27 16:00:00,1,0.6653238876740172
2,2026-02-27 17:00:00,1,0.6825541097016976
2,2026-02-27 18:00:00,1,0.7305116700142001
2,2026-02-27 19:00:00,1,0.7021390574073021
2,2026-02-27 20:00:00,1,0.7199213154976273
2,2026-02-27 21:00:00,1,0.6664373480379274
2,2026-02-27 22:00:00,1,0.6137096186992568
2,2026-02-27 23:00:00,1,0.6008831008828049
2,2026-02-28 00:00:00,1,0.5034680719795918
2,2026-02-28 01:00:00,1,0.5764793125822967
2,2026-02-28 02:00:00,1,0.6026373517962401
2,2026-02-28 03:00:00,1,0.6804632302792186
2,2026-02-28 04:00:00,1,0.709501181372201
2,2026-02-28 05:00:00,1,0.7321807256792464
2,2026-02-28 06:00:00,1,0.716861993730961
2,2026-02-28 07:00:00,1,0.7565857232123108
2,2026-02-28 08:00:00,1,0.7926278075759717
2,2026-02-28 09:00:00,1,0.8010468940877905
2,2026-02-28 10:00:00,1,0.795394590078547
2,2026-02-28 11:00:00,1,0.7633205033722197
2,2026-02-28 12:00:00,1,0.7703372159749031
2,2026-02-28 13:00:00,1,0.7585066570399785
2,2026-02-28 14:00:00,1,0.7153050194754471
2,2026-02-28 15:00:00,1,0.6826613082315772
2,2026-02-28 16:00:00,1,0.6482472814258065
2,2026-02-28 17:00:00,1,0.6092090089004876
2,2026-02-28 18:00:00,1,0.5664637762621659
2,2026-02-28 19:00:00,1,0.498117877392084
2,2026-02-28 20:00:00,1,0.4136962530907785
2,2026-02-28 21:00:00,1,0.3353872093097548
2,2026-02-28 22:00:00,1,0.2536268397527364
2,2026-02-28 23:00:00,1,0.2129575120332372
